{"cameraMode":{"drawMode":0,"name":"Shaded","section":"Shading Mode"},"sceneLighting":true,"audioPlay":false,"sceneViewState":{"m_AlwaysRefresh":false,"showFog":true,"showSkybox":true,"showFlares":true,"showImageEffects":true,"showParticleSystems":true,"showVisualEffectGraphs":true,"m_FxEnabled":true},"in2DMode":false,"pivot":{"x":-3.8022232055664064,"y":2.5050201416015627,"z":6.283788681030273},"rotation":{"x":0.2973264753818512,"y":-0.2400515377521515,"z":0.07750516384840012,"w":0.9208691716194153},"size":12.669951438903809,"orthographic":false}